version_id,source_markdown_file_snapshot_id,lock_file_snapshot_id,repository_id,path_md,path_lock,commit_sha,committed_at,rank,variantes_mismos_imports,source,repos_misma_plantilla,es_validacion
1017,1017,1017,1684183768022814313,.github/workflows/keybot.md,.github/workflows/keybot.lock.yml,1800824d225dd97d5115eaeb61af2e0ef0272421,2026-05-02T16:09:19Z,5,,githubnext/agentics/workflows/repo-assist.md,28,False
2145,2145,2145,1360459716505887700,.github/workflows/daily-doc-updater.md,.github/workflows/daily-doc-updater.lock.yml,e85805ae724a526076566278552190a0552bb7c5,2026-06-17T15:04:26Z,5,,github/gh-aw/.github/workflows/daily-doc-updater.md,2,False
1138,1138,1138,298195968384301599,.github/workflows/gh-aw-pr-rereview.md,.github/workflows/gh-aw-pr-rereview.lock.yml,a968d83344b7b2eddfbdc4a53e10a89ff42cc22c,2026-05-12T06:58:37Z,1,.github/workflows/gh-aw-pr-review.md,pulumi-labs/gh-aw-internal/.github/workflows/gh-aw-pr-rereview.md,52,False
1712,1712,1712,923531521657869480,.github/workflows/repo-assist.md,.github/workflows/repo-assist.lock.yml,3b4e2ccd191414d85a7be5f2c1c64515f0a2f4a8,2026-05-09T11:16:40Z,2,,,1,False
324,324,324,8799030191185056170,.github/workflows/duplicate-code-detector.md,.github/workflows/duplicate-code-detector.lock.yml,30a1d20cc5770934b9bd0731d2665cd1fb858165,2026-03-07T20:23:28Z,2,,github/gh-aw/.github/workflows/duplicate-code-detector.md,2,False
975,975,975,3851646640096830129,.github/workflows/cdk-pr-review.md,.github/workflows/cdk-pr-review.lock.yml,10c1763cb24b2f06967252e660e6dc6ff28628cb,2026-03-11T13:16:30Z,1,.github/workflows/cdk-pr-rereview.md,pulumi-labs/gh-aw-internal/.github/workflows/gh-aw-pr-review.md,52,False
2387,2387,2387,7588067176443151598,.github/workflows/repo-assist.md,.github/workflows/repo-assist.lock.yml,8905eea02d57f7847fc9a592362875a26049e9e6,2026-04-17T09:10:42Z,2,,githubnext/agentics/workflows/repo-assist.md,28,False
366,366,366,2345438738015705176,.github/workflows/dash.md,.github/workflows/dash.lock.yml,b7ba38c46bfa135a5590f5445aced1c6a5dc38d9,2026-06-25T20:11:44Z,15,,,1,False
1993,1993,1993,140853249158931842,.github/workflows/pydantic-ai-regression-detector.md,.github/workflows/pydantic-ai-regression-detector.lock.yml,7a5bec6e9f85c1c75fec39043b412a58f8e96676,2026-05-27T00:49:04Z,3,.github/workflows/pydantic-ai-bug-hunter.md;.github/workflows/pydantic-ai-docs-drift.md;.github/workflows/pydantic-ai-provider-mapping-sweep.md;.github/workflows/pydantic-ai-provider-parity-explore.md;.github/workflows/pydantic-ai-roundtrip-sweep.md;.github/workflows/pydantic-ai-streaming-resilience-sweep.md,,1,False
935,935,935,7130230857486899699,.github/workflows/gh-aw-pr-rereview.md,.github/workflows/gh-aw-pr-rereview.lock.yml,c8e45e15e6b745843c93ddf74ac919a0b4f180cc,2026-05-12T06:27:00Z,1,.github/workflows/gh-aw-pr-review.md,pulumi-labs/gh-aw-internal/.github/workflows/gh-aw-pr-rereview.md,52,False
1801,1801,1801,6815041630131085718,.github/workflows/gh-aw-pr-rereview.md,.github/workflows/gh-aw-pr-rereview.lock.yml,32e8c0a8dd903173e5c1e25a3de367c203d6d6aa,2026-05-12T06:22:35Z,1,.github/workflows/gh-aw-pr-review.md,pulumi-labs/gh-aw-internal/.github/workflows/gh-aw-pr-rereview.md,52,False
1192,1192,1192,7839165825188922328,.github/workflows/gh-aw-pr-review.md,.github/workflows/gh-aw-pr-review.lock.yml,a43e2db7ec44260c23a7acba4f27dda59591c1b1,2026-05-12T07:17:10Z,1,.github/workflows/gh-aw-pr-rereview.md,pulumi-labs/gh-aw-internal/.github/workflows/gh-aw-pr-review.md,52,False
689,689,689,7939280069088062942,.github/workflows/gh-aw-pr-review.md,.github/workflows/gh-aw-pr-review.lock.yml,0198ac1f897cd110d87f663f2a7c4f4ece35674a,2026-05-12T06:46:45Z,1,.github/workflows/gh-aw-pr-rereview.md,pulumi-labs/gh-aw-internal/.github/workflows/gh-aw-pr-review.md,52,False
2581,2581,2581,8104758924105236885,.github/workflows/daily-qa.md,.github/workflows/daily-qa.lock.yml,944be82311f8f1c0367f37804df3ecb42fea5e0d,2026-02-27T18:58:05Z,2,,githubnext/agentics/workflows/daily-qa.md,2,False
660,660,660,8572663269662090818,.github/workflows/wiki-sync.md,.github/workflows/wiki-sync.lock.yml,af4f9dd4217d48a9baa4aaa63f948c62e8d437f7,2026-04-17T20:58:13Z,1,,,1,False
2472,2472,2472,6690498778208086486,.github/workflows/daily-perf-improver.md,.github/workflows/daily-perf-improver.lock.yml,78cd6928c79095e9112a68ea0335abdd8bcd89ca,2026-05-24T20:50:16Z,2,,,1,False
1731,1731,1731,1639091654872730530,.github/workflows/repo-assist.md,.github/workflows/repo-assist.lock.yml,8a058c6f5eb319c66345958f8daa8b5936eff26f,2026-06-12T18:19:04Z,19,,githubnext/agentics/workflows/repo-assist.md,28,False
628,628,628,1737186022696218451,.github/workflows/gh-aw-pr-rereview.md,.github/workflows/gh-aw-pr-rereview.lock.yml,f64ac683cd902f20e630672eb0043973af2edc45,2026-05-11T17:44:36Z,1,.github/workflows/gh-aw-pr-review.md,pulumi-labs/gh-aw-internal/.github/workflows/gh-aw-pr-rereview.md,52,False
1317,1317,1317,2479365640035073414,.github/workflows/gh-aw-pr-rereview.md,.github/workflows/gh-aw-pr-rereview.lock.yml,90e9c15f3432c5d14a0f55e06e4d89aeceafecb8,2026-05-12T06:29:34Z,1,.github/workflows/gh-aw-pr-review.md,pulumi-labs/gh-aw-internal/.github/workflows/gh-aw-pr-rereview.md,52,False
2643,2643,2643,8375826996565743284,.github/workflows/docs-sync.md,.github/workflows/docs-sync.lock.yml,663597361deba1f2223a2d36579f4ee398f26223,2026-03-11T22:30:31Z,1,,,1,False
10,10,10,8401317167309685863,.github/workflows/doc-bot.md,.github/workflows/doc-bot.lock.yml,94e71c12717440292609c11ce849a5430e5abb35,2026-06-04T11:15:04Z,2,,,1,True
38,38,38,4170326814940479816,.github/workflows/auto-triage.md,.github/workflows/auto-triage.lock.yml,467bffdf9f1446e067f6e9ae7d244767ccf21493,2026-06-26T21:41:56Z,8,,,1,True
5,5,5,9089213639968762207,.github/workflows/daily-repo-status.md,.github/workflows/daily-repo-status.lock.yml,957bfbb1cddd1ffac718a2d3f135ded4a85b73d1,2026-06-17T18:15:03Z,4,,githubnext/agentics/workflows/repo-status.md,3,True
132,132,132,2696056629267340882,.github/workflows/malicious-code-scan.md,.github/workflows/malicious-code-scan.lock.yml,cfe59578dfcfc2ceb6b95639620943ff4a623c79,2026-06-19T12:08:15Z,1,,,1,True
133,133,133,2696056629267340882,.github/workflows/markdown-linter.md,.github/workflows/markdown-linter.lock.yml,cfe59578dfcfc2ceb6b95639620943ff4a623c79,2026-06-19T12:08:15Z,1,,,1,True
305,305,305,6456014655828266219,.github/workflows/documentation.md,.github/workflows/documentation.lock.yml,fde69dd5ea5b192e0ca139edc01556006327c649,2026-02-12T23:22:51Z,3,,,1,True
