plantilla,n_agentes,n_repositorios,ejemplo
pulumi-labs/gh-aw-internal/.github/workflows/gh-aw-pr-review.md,52,52,.github/workflows/gh-aw-pr-review.md
pulumi-labs/gh-aw-internal/.github/workflows/gh-aw-pr-rereview.md,52,52,.github/workflows/gh-aw-pr-rereview.md
githubnext/agentics/workflows/repo-assist.md,28,28,.github/workflows/repo-assist.md
githubnext/agentics/workflows/daily-repo-status.md,16,16,.github/workflows/daily-repo-status.md
githubnext/agentics/workflows/issue-triage.md,12,11,.github/workflows/issue-triage.md
github/gh-aw/.github/workflows/code-simplifier.md,6,6,.github/workflows/code-simplifier.md
githubnext/agentics/workflows/daily-test-improver.md,4,4,.github/workflows/daily-test-improver.md
.github/workflows/check-python-versions.md#9893683668611929720,3,3,.github/workflows/check-python-versions.md
githubnext/agentics/workflows/ci-doctor.md,3,3,.github/workflows/ci-doctor.md
githubnext/agentics/workflows/repo-status.md,3,3,.github/workflows/daily-repo-status.md
.github/workflows/ci-failure-fix.md#17993251623537230981,2,2,.github/workflows/ci-failure-fix.md
githubnext/agentics/workflows/daily-qa.md,2,2,.github/workflows/daily-qa.md
githubnext/agentics/workflows/efficiency-improver.md,2,2,.github/workflows/efficiency-improver.md
.github/workflows/validate-pr.md#15250968866156220540,2,2,.github/workflows/validate-pr.md
Alfresco/alfresco-build-tools/.github/workflows/supply-chain-review.md,2,2,.github/workflows/supply-chain-review.md
github/gh-aw/.github/workflows/daily-doc-updater.md,2,2,.github/workflows/daily-doc-updater.md
github/gh-aw/.github/workflows/duplicate-code-detector.md,2,2,.github/workflows/duplicate-code-detector.md
github/gh-aw/.github/workflows/issue-triage-agent.md,2,2,.github/workflows/issue-triage-agent.md
githubnext/agentics/workflows/code-simplifier.md,2,2,.github/workflows/code-simplifier.md
githubnext/agentics/workflows/repository-quality-improver.md,2,2,.github/workflows/repository-quality-improver.md
githubnext/agentics/workflows/update-docs.md,2,2,.github/workflows/update-docs.md
