version_id,repo,agente,es_validacion,regla,tipo_sugerido,descripcion,detalle,confirmada,tipo_final,origen,notas
1017,1684183768022814313,.github/workflows/keybot.md,False,E1_roles,E1,Menciona un rol o nivel de confianza pero no configura 'roles'; el compilado aplica roles por defecto,"menciona 'maintainer'; compilado exige: admin,maintainer,write",,,,
1017,1684183768022814313,.github/workflows/keybot.md,False,E2_edicion,E2,El compilado se activa al editar comentarios ('edited') sin que el Markdown lo declare,eventos con tipo 'edited',,,,
1017,1684183768022814313,.github/workflows/keybot.md,False,E2_escritura,E2,El compilado tiene permisos de escritura que el Markdown no declara,"write en compilado: contents, discussions, issues, pull-requests",,,,
2145,1360459716505887700,.github/workflows/daily-doc-updater.md,False,E2_escritura,E2,El compilado tiene permisos de escritura que el Markdown no declara,"write en compilado: contents, issues, pull-requests",,,,
1138,298195968384301599,.github/workflows/gh-aw-pr-rereview.md,False,E1_roles,E1,Menciona un rol o nivel de confianza pero no configura 'roles'; el compilado aplica roles por defecto,"menciona 'maintainer'; compilado exige: admin,maintainer,write",,,,
1138,298195968384301599,.github/workflows/gh-aw-pr-rereview.md,False,E2_aprobar,E2,El compilado permite emitir una revisión APPROVE que el Markdown no menciona,allowed_events incluye APPROVE,,,,
1138,298195968384301599,.github/workflows/gh-aw-pr-rereview.md,False,E2_memoria,E2,El compilado activa memoria persistente (cache-memory) no declarada en el Markdown,cache-memory presente en el compilado,,,,
1138,298195968384301599,.github/workflows/gh-aw-pr-rereview.md,False,E2_edicion,E2,El compilado se activa al editar comentarios ('edited') sin que el Markdown lo declare,eventos con tipo 'edited',,,,
1138,298195968384301599,.github/workflows/gh-aw-pr-rereview.md,False,E2_escritura,E2,El compilado tiene permisos de escritura que el Markdown no declara,"write en compilado: issues, pull-requests",,,,
1138,298195968384301599,.github/workflows/gh-aw-pr-rereview.md,False,E3_delegacion,E3,El body no tiene instrucciones propias (solo títulos) y la intención se delega a imports,2 imports; body solo con títulos,,,,
1138,298195968384301599,.github/workflows/gh-aw-pr-rereview.md,False,E4_idtoken,E4,El Markdown pide id-token: write sin justificarlo en el body,id-token: write sin mención en el body,,,,
1138,298195968384301599,.github/workflows/gh-aw-pr-rereview.md,False,E5_variantes,E5,Otros agentes del mismo repositorio usan exactamente los mismos imports,mismos imports que: .github/workflows/gh-aw-pr-review.md,,,,
1712,923531521657869480,.github/workflows/repo-assist.md,False,E1_roles,E1,Menciona un rol o nivel de confianza pero no configura 'roles'; el compilado aplica roles por defecto,"menciona 'maintainer'; compilado exige: admin,maintainer,write",,,,
1712,923531521657869480,.github/workflows/repo-assist.md,False,E2_edicion,E2,El compilado se activa al editar comentarios ('edited') sin que el Markdown lo declare,eventos con tipo 'edited',,,,
1712,923531521657869480,.github/workflows/repo-assist.md,False,E2_escritura,E2,El compilado tiene permisos de escritura que el Markdown no declara,"write en compilado: contents, discussions, issues, pull-requests",,,,
324,8799030191185056170,.github/workflows/duplicate-code-detector.md,False,E2_escritura,E2,El compilado tiene permisos de escritura que el Markdown no declara,write en compilado: issues,,,,
975,3851646640096830129,.github/workflows/cdk-pr-review.md,False,E2_escritura,E2,El compilado tiene permisos de escritura que el Markdown no declara,write en compilado: pull-requests,,,,
975,3851646640096830129,.github/workflows/cdk-pr-review.md,False,E4_idtoken,E4,El Markdown pide id-token: write sin justificarlo en el body,id-token: write sin mención en el body,,,,
975,3851646640096830129,.github/workflows/cdk-pr-review.md,False,E5_variantes,E5,Otros agentes del mismo repositorio usan exactamente los mismos imports,mismos imports que: .github/workflows/cdk-pr-rereview.md,,,,
2387,7588067176443151598,.github/workflows/repo-assist.md,False,E1_roles,E1,Menciona un rol o nivel de confianza pero no configura 'roles'; el compilado aplica roles por defecto,"menciona 'maintainer'; compilado exige: admin,maintainer,write",,,,
2387,7588067176443151598,.github/workflows/repo-assist.md,False,E2_edicion,E2,El compilado se activa al editar comentarios ('edited') sin que el Markdown lo declare,eventos con tipo 'edited',,,,
2387,7588067176443151598,.github/workflows/repo-assist.md,False,E2_escritura,E2,El compilado tiene permisos de escritura que el Markdown no declara,"write en compilado: contents, discussions, issues, pull-requests",,,,
366,2345438738015705176,.github/workflows/dash.md,False,E2_escritura,E2,El compilado tiene permisos de escritura que el Markdown no declara,"write en compilado: contents, pull-requests",,,,
1993,140853249158931842,.github/workflows/pydantic-ai-regression-detector.md,False,E2_escritura,E2,El compilado tiene permisos de escritura que el Markdown no declara,write en compilado: issues,,,,
1993,140853249158931842,.github/workflows/pydantic-ai-regression-detector.md,False,E5_variantes,E5,Otros agentes del mismo repositorio usan exactamente los mismos imports,mismos imports que: .github/workflows/pydantic-ai-bug-hunter.md;.github/workflows/pydantic-ai-docs-drift.md;.github/workflows/pydantic-ai-provider-mapping-sweep.md;.github/workflows/pydantic-ai-provider-parity-explore.md;.github/workflows/pydantic-ai-roundtrip-sweep.md;.github/workflows/pydantic-ai-streaming-resilience-sweep.md,,,,
935,7130230857486899699,.github/workflows/gh-aw-pr-rereview.md,False,E1_roles,E1,Menciona un rol o nivel de confianza pero no configura 'roles'; el compilado aplica roles por defecto,"menciona 'maintainer'; compilado exige: admin,maintainer,write",,,,
935,7130230857486899699,.github/workflows/gh-aw-pr-rereview.md,False,E2_aprobar,E2,El compilado permite emitir una revisión APPROVE que el Markdown no menciona,allowed_events incluye APPROVE,,,,
935,7130230857486899699,.github/workflows/gh-aw-pr-rereview.md,False,E2_memoria,E2,El compilado activa memoria persistente (cache-memory) no declarada en el Markdown,cache-memory presente en el compilado,,,,
935,7130230857486899699,.github/workflows/gh-aw-pr-rereview.md,False,E2_edicion,E2,El compilado se activa al editar comentarios ('edited') sin que el Markdown lo declare,eventos con tipo 'edited',,,,
935,7130230857486899699,.github/workflows/gh-aw-pr-rereview.md,False,E2_escritura,E2,El compilado tiene permisos de escritura que el Markdown no declara,"write en compilado: issues, pull-requests",,,,
935,7130230857486899699,.github/workflows/gh-aw-pr-rereview.md,False,E3_delegacion,E3,El body no tiene instrucciones propias (solo títulos) y la intención se delega a imports,2 imports; body solo con títulos,,,,
935,7130230857486899699,.github/workflows/gh-aw-pr-rereview.md,False,E4_idtoken,E4,El Markdown pide id-token: write sin justificarlo en el body,id-token: write sin mención en el body,,,,
935,7130230857486899699,.github/workflows/gh-aw-pr-rereview.md,False,E5_variantes,E5,Otros agentes del mismo repositorio usan exactamente los mismos imports,mismos imports que: .github/workflows/gh-aw-pr-review.md,,,,
1801,6815041630131085718,.github/workflows/gh-aw-pr-rereview.md,False,E1_roles,E1,Menciona un rol o nivel de confianza pero no configura 'roles'; el compilado aplica roles por defecto,"menciona 'maintainer'; compilado exige: admin,maintainer,write",,,,
1801,6815041630131085718,.github/workflows/gh-aw-pr-rereview.md,False,E2_aprobar,E2,El compilado permite emitir una revisión APPROVE que el Markdown no menciona,allowed_events incluye APPROVE,,,,
1801,6815041630131085718,.github/workflows/gh-aw-pr-rereview.md,False,E2_memoria,E2,El compilado activa memoria persistente (cache-memory) no declarada en el Markdown,cache-memory presente en el compilado,,,,
1801,6815041630131085718,.github/workflows/gh-aw-pr-rereview.md,False,E2_edicion,E2,El compilado se activa al editar comentarios ('edited') sin que el Markdown lo declare,eventos con tipo 'edited',,,,
1801,6815041630131085718,.github/workflows/gh-aw-pr-rereview.md,False,E2_escritura,E2,El compilado tiene permisos de escritura que el Markdown no declara,"write en compilado: issues, pull-requests",,,,
1801,6815041630131085718,.github/workflows/gh-aw-pr-rereview.md,False,E3_delegacion,E3,El body no tiene instrucciones propias (solo títulos) y la intención se delega a imports,2 imports; body solo con títulos,,,,
1801,6815041630131085718,.github/workflows/gh-aw-pr-rereview.md,False,E4_idtoken,E4,El Markdown pide id-token: write sin justificarlo en el body,id-token: write sin mención en el body,,,,
1801,6815041630131085718,.github/workflows/gh-aw-pr-rereview.md,False,E5_variantes,E5,Otros agentes del mismo repositorio usan exactamente los mismos imports,mismos imports que: .github/workflows/gh-aw-pr-review.md,,,,
1192,7839165825188922328,.github/workflows/gh-aw-pr-review.md,False,E1_roles,E1,Menciona un rol o nivel de confianza pero no configura 'roles'; el compilado aplica roles por defecto,"menciona 'trusted'; compilado exige: admin,maintainer,write",,,,
1192,7839165825188922328,.github/workflows/gh-aw-pr-review.md,False,E2_aprobar,E2,El compilado permite emitir una revisión APPROVE que el Markdown no menciona,allowed_events incluye APPROVE,,,,
1192,7839165825188922328,.github/workflows/gh-aw-pr-review.md,False,E2_memoria,E2,El compilado activa memoria persistente (cache-memory) no declarada en el Markdown,cache-memory presente en el compilado,,,,
1192,7839165825188922328,.github/workflows/gh-aw-pr-review.md,False,E2_escritura,E2,El compilado tiene permisos de escritura que el Markdown no declara,write en compilado: pull-requests,,,,
1192,7839165825188922328,.github/workflows/gh-aw-pr-review.md,False,E3_delegacion,E3,El body no tiene instrucciones propias (solo títulos) y la intención se delega a imports,2 imports; body solo con títulos,,,,
1192,7839165825188922328,.github/workflows/gh-aw-pr-review.md,False,E4_idtoken,E4,El Markdown pide id-token: write sin justificarlo en el body,id-token: write sin mención en el body,,,,
1192,7839165825188922328,.github/workflows/gh-aw-pr-review.md,False,E5_variantes,E5,Otros agentes del mismo repositorio usan exactamente los mismos imports,mismos imports que: .github/workflows/gh-aw-pr-rereview.md,,,,
689,7939280069088062942,.github/workflows/gh-aw-pr-review.md,False,E1_roles,E1,Menciona un rol o nivel de confianza pero no configura 'roles'; el compilado aplica roles por defecto,"menciona 'trusted'; compilado exige: admin,maintainer,write",,,,
689,7939280069088062942,.github/workflows/gh-aw-pr-review.md,False,E2_aprobar,E2,El compilado permite emitir una revisión APPROVE que el Markdown no menciona,allowed_events incluye APPROVE,,,,
689,7939280069088062942,.github/workflows/gh-aw-pr-review.md,False,E2_memoria,E2,El compilado activa memoria persistente (cache-memory) no declarada en el Markdown,cache-memory presente en el compilado,,,,
689,7939280069088062942,.github/workflows/gh-aw-pr-review.md,False,E2_escritura,E2,El compilado tiene permisos de escritura que el Markdown no declara,write en compilado: pull-requests,,,,
689,7939280069088062942,.github/workflows/gh-aw-pr-review.md,False,E3_delegacion,E3,El body no tiene instrucciones propias (solo títulos) y la intención se delega a imports,2 imports; body solo con títulos,,,,
689,7939280069088062942,.github/workflows/gh-aw-pr-review.md,False,E4_idtoken,E4,El Markdown pide id-token: write sin justificarlo en el body,id-token: write sin mención en el body,,,,
689,7939280069088062942,.github/workflows/gh-aw-pr-review.md,False,E5_variantes,E5,Otros agentes del mismo repositorio usan exactamente los mismos imports,mismos imports que: .github/workflows/gh-aw-pr-rereview.md,,,,
2581,8104758924105236885,.github/workflows/daily-qa.md,False,E2_escritura,E2,El compilado tiene permisos de escritura que el Markdown no declara,"write en compilado: contents, discussions, issues, pull-requests",,,,
660,8572663269662090818,.github/workflows/wiki-sync.md,False,E2_escritura,E2,El compilado tiene permisos de escritura que el Markdown no declara,write en compilado: issues,,,,
2472,6690498778208086486,.github/workflows/daily-perf-improver.md,False,E2_escritura,E2,El compilado tiene permisos de escritura que el Markdown no declara,"write en compilado: contents, issues, pull-requests",,,,
1731,1639091654872730530,.github/workflows/repo-assist.md,False,E1_roles,E1,Menciona un rol o nivel de confianza pero no configura 'roles'; el compilado aplica roles por defecto,"menciona 'maintainer'; compilado exige: admin,maintainer,write",,,,
1731,1639091654872730530,.github/workflows/repo-assist.md,False,E2_edicion,E2,El compilado se activa al editar comentarios ('edited') sin que el Markdown lo declare,eventos con tipo 'edited',,,,
1731,1639091654872730530,.github/workflows/repo-assist.md,False,E2_escritura,E2,El compilado tiene permisos de escritura que el Markdown no declara,"write en compilado: contents, discussions, issues, pull-requests",,,,
628,1737186022696218451,.github/workflows/gh-aw-pr-rereview.md,False,E1_roles,E1,Menciona un rol o nivel de confianza pero no configura 'roles'; el compilado aplica roles por defecto,"menciona 'maintainer'; compilado exige: admin,maintainer,write",,,,
628,1737186022696218451,.github/workflows/gh-aw-pr-rereview.md,False,E2_aprobar,E2,El compilado permite emitir una revisión APPROVE que el Markdown no menciona,allowed_events incluye APPROVE,,,,
628,1737186022696218451,.github/workflows/gh-aw-pr-rereview.md,False,E2_memoria,E2,El compilado activa memoria persistente (cache-memory) no declarada en el Markdown,cache-memory presente en el compilado,,,,
628,1737186022696218451,.github/workflows/gh-aw-pr-rereview.md,False,E2_edicion,E2,El compilado se activa al editar comentarios ('edited') sin que el Markdown lo declare,eventos con tipo 'edited',,,,
628,1737186022696218451,.github/workflows/gh-aw-pr-rereview.md,False,E2_escritura,E2,El compilado tiene permisos de escritura que el Markdown no declara,"write en compilado: issues, pull-requests",,,,
628,1737186022696218451,.github/workflows/gh-aw-pr-rereview.md,False,E3_delegacion,E3,El body no tiene instrucciones propias (solo títulos) y la intención se delega a imports,2 imports; body solo con títulos,,,,
628,1737186022696218451,.github/workflows/gh-aw-pr-rereview.md,False,E4_idtoken,E4,El Markdown pide id-token: write sin justificarlo en el body,id-token: write sin mención en el body,,,,
628,1737186022696218451,.github/workflows/gh-aw-pr-rereview.md,False,E5_variantes,E5,Otros agentes del mismo repositorio usan exactamente los mismos imports,mismos imports que: .github/workflows/gh-aw-pr-review.md,,,,
1317,2479365640035073414,.github/workflows/gh-aw-pr-rereview.md,False,E1_roles,E1,Menciona un rol o nivel de confianza pero no configura 'roles'; el compilado aplica roles por defecto,"menciona 'maintainer'; compilado exige: admin,maintainer,write",,,,
1317,2479365640035073414,.github/workflows/gh-aw-pr-rereview.md,False,E2_aprobar,E2,El compilado permite emitir una revisión APPROVE que el Markdown no menciona,allowed_events incluye APPROVE,,,,
1317,2479365640035073414,.github/workflows/gh-aw-pr-rereview.md,False,E2_memoria,E2,El compilado activa memoria persistente (cache-memory) no declarada en el Markdown,cache-memory presente en el compilado,,,,
1317,2479365640035073414,.github/workflows/gh-aw-pr-rereview.md,False,E2_edicion,E2,El compilado se activa al editar comentarios ('edited') sin que el Markdown lo declare,eventos con tipo 'edited',,,,
1317,2479365640035073414,.github/workflows/gh-aw-pr-rereview.md,False,E2_escritura,E2,El compilado tiene permisos de escritura que el Markdown no declara,"write en compilado: issues, pull-requests",,,,
1317,2479365640035073414,.github/workflows/gh-aw-pr-rereview.md,False,E3_delegacion,E3,El body no tiene instrucciones propias (solo títulos) y la intención se delega a imports,2 imports; body solo con títulos,,,,
1317,2479365640035073414,.github/workflows/gh-aw-pr-rereview.md,False,E4_idtoken,E4,El Markdown pide id-token: write sin justificarlo en el body,id-token: write sin mención en el body,,,,
1317,2479365640035073414,.github/workflows/gh-aw-pr-rereview.md,False,E5_variantes,E5,Otros agentes del mismo repositorio usan exactamente los mismos imports,mismos imports que: .github/workflows/gh-aw-pr-review.md,,,,
2643,8375826996565743284,.github/workflows/docs-sync.md,False,E2_escritura,E2,El compilado tiene permisos de escritura que el Markdown no declara,"write en compilado: contents, issues, pull-requests",,,,
10,8401317167309685863,.github/workflows/doc-bot.md,True,E1_roles,E1,Menciona un rol o nivel de confianza pero no configura 'roles'; el compilado aplica roles por defecto,"menciona 'maintainer'; compilado exige: admin,maintainer,write",,,,
10,8401317167309685863,.github/workflows/doc-bot.md,True,E2_escritura,E2,El compilado tiene permisos de escritura que el Markdown no declara,"write en compilado: contents, discussions, issues, pull-requests",,,,
38,4170326814940479816,.github/workflows/auto-triage.md,True,E2_escritura,E2,El compilado tiene permisos de escritura que el Markdown no declara,write en compilado: pull-requests,,,,
5,9089213639968762207,.github/workflows/daily-repo-status.md,True,E2_escritura,E2,El compilado tiene permisos de escritura que el Markdown no declara,write en compilado: issues,,,,
132,2696056629267340882,.github/workflows/malicious-code-scan.md,True,E2_escritura,E2,El compilado tiene permisos de escritura que el Markdown no declara,write en compilado: security-events,,,,
133,2696056629267340882,.github/workflows/markdown-linter.md,True,E2_escritura,E2,El compilado tiene permisos de escritura que el Markdown no declara,"write en compilado: issues, statuses",,,,
305,6456014655828266219,.github/workflows/documentation.md,True,E2_escritura,E2,El compilado tiene permisos de escritura que el Markdown no declara,"write en compilado: discussions, issues, pull-requests",,,,
